{"train_loss": 7.039048534422997, "train_acc": 0.05562986381322957, "val_loss": 7.644649490829586, "val_acc": 0.013565891472868217, "_timestamp": 1721270203.6247876, "_runtime": 1005.7864906787872, "_step": 9, "_wandb": {"runtime": 1046}}